role,packet,sample_id,official_split,relation,channel,confidence,original_label,caption,original_caption,camc_reg_votes,clip_fusion_votes,text_only_votes
vc_miss,formal_seed43,257,semantics_clip_text_image,C,visible_conflict,high,falsified,Gylfi Sigurdsson scores his first from the spot in Iceland s Euro 2016 Group A win over Holland,Blackpool s Charlie Adam strikes to score the winning goal for his side against Bolton Wanderers in their Premier League match,N/N/N,N/N/N,N/N/N
vc_miss,pilot_seed42,91,semantics_clip_text_text,C,visible_conflict,high,falsified,Real Madrid s Rafael van der Vaart centre celebrates scoring the winning goal against Sevilla,Wayne Rooney celebrates scoring for Manchester United against Sunderland,N/N/N,N/N/N,N/N/N
vc_miss,pilot_seed42,7,person_sbert_text_text,C,visible_conflict,medium,falsified,Amir Khan delivers another blow on the way to beating Devon Alexander on Saturday,Amir Khan and Danny Garcia face off during their Los Angeles press conference,N/N/N,N/N/N,N/N/N
vc_miss,pilot_seed42,69,semantics_clip_text_text,C,visible_conflict,high,falsified,Steven Gerrard left of Liverpool celebrates with his teammate Luis Suarez after scoring the second goal of the 40 win against Fulham,Mexico s Alan Pulido consoles teammate Javier Hernandez after the Netherlands defeated Mexico 21 during the World Cup round of 16,N/N/N,N/N/N,N/N/N
vc_miss,formal_seed43,318,semantics_clip_text_text,C,visible_conflict,high,falsified,Michal Handzus of the Chicago Blackhawks scores his double overtime game winner against the Los Angeles Kings to claim Game Five of the Western Conference Final,Ottawa Chris Neil checks New York Rangers Dan Girardi into the board as the Senators win again in overtime to tie the series 22,N/N/N,N/N/N,N/N/N
vc_miss,formal_seed43,288,semantics_clip_text_text,C,visible_conflict,medium,falsified,Gandolfini and his wife Deborah Lin attend the premiere of HBO Films Cinema Verite in Hollywood,Producer Julie Chen and President of CBS Leslie Moonves arrive at the Universal Music Group After Party,N/N/N,N/N/N,N/N/N
vc_miss,formal_seed43,252,scene_resnet_place,C,visible_conflict,medium,falsified,The America s Cup defending team Alinghi of Switzerland sails during a training session off the coast of Valencia,Emirates Team New Zealand left leads Oracle Team USA during the 34th America s Cup on Sept 7 2013,N/N/N,N/N/N,N/N/N
vc_miss,pilot_seed42,84,semantics_clip_text_text,C,visible_conflict,high,falsified,Patriots strong safety Steve Gregory celebrates after intercepting a pass against the Jets on Thanksgiving at MetLife Stadium,Philadelphia Eagles running back LeSean McCoy celebrates in the end zone after scoring a touchdown against the Tennessee Titans,N/N/N,N/N/N,N/N/N
vc_miss,formal_seed43,255,person_sbert_text_text,C,visible_conflict,medium,falsified,Eddie Redmayne who beat frontrunner Michael Keaton for the best actor trophy posed with new wife Hannah Bagshawe,Redmayne attends the premiere for Les Miserables in New YorkThe film went on to win three Academy Awards,N/N/N,N/N/N,N/N/N
vc_miss,pilot_seed42,46,scene_resnet_place,C,visible_conflict,high,falsified,Seville SpainChildren dress up for a school procession on the eve of Holy Week in the Andalusian capital,Pilgrims attending the hajj shelter from heavy rains in Mecca Saudi Arabia,N/N/N,N/N/N,N/N/N
vc_miss,pilot_seed42,11,semantics_clip_text_text,C,visible_conflict,high,falsified,Fabian Delph celebrates with Raheem Sterling after scoring his first City goal,Wayne Rooney left congratulates Danny Welbeck on scoring his second goal during England s 31 win at home to Slovenia,N/N/N,N/N/N,N/N/N
vc_miss_clip_catch,formal_seed43,301,semantics_clip_text_text,C,visible_conflict,medium,falsified,Jose Mourinho believes his current crop of players at Chelsea possess big potential but also have lots to learn tactically,And a bit of flag planting Barcelona s head coach Luis Enrique sticks a Catalan and FC Barcelona flag on the pitch as he celebrates Barca s triumph,N/N/N,C/C/C,N/N/N
vc_miss,formal_seed43,242,semantics_clip_text_image,C,visible_conflict,medium,falsified,Britain s Queen Elizabeth II and her husband Prince Philip attend the Braemar Gathering in Scotland this month They are third cousins,Andy and Jamie Murray go into the cathedral,N/N/N,N/N/N,N/N/N
vc_miss,pilot_seed42,42,semantics_clip_text_text,C,visible_conflict,high,falsified,Pope Francis places his hands on a plaque at the Memorial to Victims of Terror in Jerusalem,Mr Putin inaugurated a World War II monument in Netanya with Shimon Peres,N/N/N,N/N/N,N/N/N
vc_miss,pilot_seed42,71,semantics_clip_text_image,C,visible_conflict,high,falsified,Former Florida governor Jeb Bush speaks at a luncheon hosted by the Chicago Council on Global Affairs on Feb 18 2015,Virginia Gov Bob McDonnell right during a news conference in Richmond Va on Jan 8,N/N/N,N/N/N,N/N/N
vc_miss_clip_catch,pilot_seed42,72,semantics_clip_text_text,C,visible_conflict,high,falsified,Ishmael Beah author of A Long Way Gone talks to a group of children including former soldiers like himself at a school in the South Sudanese town of Pibor,New post Marlon James poses for photographers after winning the Man Booker prize,N/N/N,C/C/C,N/N/N
vc_miss,formal_seed43,231,semantics_clip_text_text,C,visible_conflict,high,falsified,Australian coach Darren Lehmann speaks with Shane Watson during the training session at the MCG,Brisbane Broncos coach Wayne Bennett talks to his players during training on Thursday,N/N/N,N/N/N,N/N/N
vc_miss,pilot_seed42,78,scene_resnet_place,C,visible_conflict,medium,falsified,Beautiful Hawaii Another spectacular sunset ends the day at Honolulu s Waikiki Beach last month,Some parents were disgusted by a Yorkshire school s 1650 trip to Barbados,N/N/N,N/N/N,N/N/N
vc_miss,pilot_seed42,29,semantics_clip_text_text,C,visible_conflict,medium,falsified,A Florida man captured video Saturday of a massive shark eating a smaller shark near a pier in Jacksonville Fla,The Atlantic White Shark Conservancy was filming in Cape Cod when they saw this seal escape a shark attack by fighting back and swimming to safety Keri Lumm,N/N/N,N/N/N,C/C/C
vc_miss,formal_seed43,241,semantics_clip_text_text,C,visible_conflict,high,falsified,Oregon Ducks running back Byron Marshall celebrates a first down during the second quarter against the Ohio State Buckeyes in the 2015 CFP National Championship Game at AT T Stadium,Green Bay Packers receiver Ty Montgomery is stopped by the Dallas Cowboys defense at Lambeau Field,N/N/N,N/N/N,N/N/N
vc_miss,formal_seed43,218,person_sbert_text_text,C,visible_conflict,high,falsified,Martin Shkreli is seen on a TV as he invokes his 5th amendment rights,Martin Shkreli former CEO of Turing Pharmaceuticals shown leaving federal court in Brooklyn NY following his arraignment on securities fraud charges,N/N/N,N/N/N,N/N/N
vc_miss,pilot_seed42,67,semantics_clip_text_image,C,visible_conflict,high,falsified,Damir Tulemaganbetov left with his friend Mohammed Islam right in the office of public relations firm 5WPR,Chechen regional leader Ramzan Kadyrov shown in Chechnya s provincial capital Grozny has escalated his rhetoric against Russian opponents of the Kremlin,N/N/N,N/N/N,N/N/N
vc_miss_clip_catch,pilot_seed42,89,semantics_clip_text_image,C,visible_conflict,high,falsified,Connecticut Huskies head coach Geno Auriemma instructs his players against the Notre Dame Fighting Irish,No 12 John Beilein Michigan 2498242 Following the Wolverines run to last season s NCAA tournament final Beilein received a new sixyear contract that included a 650000 pay increase,N/N/N,C/C/C,N/N/N
vc_miss,formal_seed43,232,scene_resnet_place,C,visible_conflict,medium,falsified,Police escort a woman away from the scene as an operation takes place in the Molenbeek district of Brussels,Crime scene where 52yearold man was stabbed in Edmonton north London,N/N/N,N/N/N,N/N/N
vc_miss,pilot_seed42,34,semantics_clip_text_image,C,visible_conflict,high,falsified,Utah s Eric Maynor jumps and scores in front of Joakim Noah,Jan 20 Warriors 125 Bulls 94 Warriors guard Stephen Curry goes up for a shot against the Bulls during the second half at the United Center,N/N/N,N/N/N,N/N/N
vc_miss,pilot_seed42,87,semantics_clip_text_text,C,visible_conflict,high,falsified,Mark Cavendish celebrates after crossing the line first on the fifth stage of the Tour de France,Geraint Thomas of Team Sky celebrates after taking the yellow jersey after the sixth stage of the ParisNice cycling race from Nice to La Madone d Utelle,N/N/N,N/N/N,N/N/N
vc_miss,pilot_seed42,16,person_sbert_text_text,C,visible_conflict,medium,falsified,Randy Travis walks on stage as Brad Paisley and Garth Brooks look on during the Country Music Hall of Fame Medallion Ceremony on Sunday October 16 2016,Country music superstar Garth Brooks speaks at a news conference announcing his comeback plans on July 10 2014 in Nashville,N/N/N,N/N/N,N/N/N
vc_miss,pilot_seed42,59,semantics_clip_text_text,C,visible_conflict,medium,falsified,The army has destroyed some border properties in Rafah to create a buffer zone between Egypt and Gaza,IDF Video shows Israel destroying Hamas terrorists,N/N/N,N/N/N,N/N/N
vc_miss,formal_seed43,305,semantics_clip_text_text,C,visible_conflict,high,falsified,The price sign outside the Costco in Westminster Colorado shows gas selling for below 190 for the first time in years December 20 2014 REUTERSRick Wilking,Employee Miriam Flores adjusts gasoline pump prices at a Chevron gas station in San Pedro California US on Thursday Feb 24 2011,N/N/N,N/N/N,N/N/N
vc_miss,formal_seed43,340,semantics_clip_text_text,C,visible_conflict,high,falsified,Carolina Panthers quarterback Cam Newton adresses members of the media during Super Bowl 50 Opening Night media day at SAP Center,Florida State Seminoles quarterback Jameis Winston speaks to media during media day at Newport Beach Marriott,N/N/N,N/N/N,N/N/N
vc_miss_clip_catch,pilot_seed42,57,semantics_clip_text_image,C,visible_conflict,high,falsified,Connecticut Huskies guardforward Niels Giffey dunks the ball against the Florida Gators,Villanova Wildcats guard Josh Hart takes it into the lane,N/N/N,C/C/C,N/N/N
vc_miss,formal_seed43,343,semantics_clip_text_text,C,visible_conflict,high,falsified,Benedict greets Pope Francis in May as the former pope returned to the Vatican where he is living in seclusion,Will and Kate arrived to meet Indian prime minster Narendra Modi in New Delhi on April 12,N/N/N,N/N/N,N/N/N
vc_miss,pilot_seed42,88,semantics_clip_text_text,C,visible_conflict,high,falsified,Ryan Hall whose lastgasp try won the League Leaders Shield for Leeds celebrates with the trophy after their victory over Huddersfield,Manchester United defenders John Gidman and Kevin Moran parade FA Cup trophy after their 10 defeat of Everton,N/N/N,N/N/N,N/N/N
vc_miss_clip_catch,pilot_seed42,14,scene_resnet_place,C,visible_conflict,high,falsified,Charming Thought far left comes to land the Middle Park Stakes at Newmarket from Ivawood purple,Orb was the winner of the 139th running of the Kentucky Derby,N/N/N,C/C/C,N/N/N
vc_miss,pilot_seed42,58,person_sbert_text_text,C,visible_conflict,medium,falsified,Labour leader Ed Miliband visits Crouch End north London on Thursday,Ed Miliband and Ed Balls enjoy a George Osborne joke,N/N/N,N/N/C,N/N/N
vc_miss,formal_seed43,261,semantics_clip_text_text,C,visible_conflict,medium,falsified,Cameron and Vladimir Putin at the G20 summit in Brisbane last year The UK and Russia are at odds over Bashar alAssad,Lavrov and Kerry s very very constructive talks at Paris meeting failed to bring any solution to the Ukraine crisis,N/N/N,N/N/N,N/N/N
vc_miss_clip_catch,formal_seed43,277,person_sbert_text_text,C,visible_conflict,medium,falsified,Vice President Joe Biden addresses a memorial honoring three Baton Rouge law enforcement officers killed in a July 17 shootout in Baton Rouge July 25,Vice President Biden in Leipsic Del,N/N/N,C/C/C,N/N/N
vc_miss,formal_seed43,332,scene_resnet_place,C,visible_conflict,high,falsified,Japanese fans will have even more reason to look forward to hosting the next World Cup in 2019,USA fans celebrate at the pier in Hermosa Beach California,N/N/N,N/N/N,N/N/N
vc_miss,pilot_seed42,75,scene_resnet_place,C,visible_conflict,medium,falsified,the headquarters of Uber in San Francisco,Italian suitmaker Brioni will open its first Washington location in Trump s hotel this fall Shown is its Las Vegas store,N/N/N,N/N/C,N/N/N
vc_miss,formal_seed43,256,scene_resnet_place,C,visible_conflict,high,falsified,Fans gather outside First Avenue the nightclub where Prince got his start in Minneapolis,Painting the town pink Beware of Colour a guerrilla art project to highlight the number of dilapidated heritage buildings in Johannesburg South Africa,N/N/N,N/N/N,N/N/N
vc_miss_clip_catch,formal_seed43,323,scene_resnet_place,C,visible_conflict,medium,falsified,A Chinese woman drinking scotch at a tasting in Chengdu Whisky s popularirty is soaring with a newly affluent Chinese middle class,Hainan China Buddhists burn incense for victims of the Nepal earthquake in Nanshan temple Sanya,N/N/N,C/C/C,N/N/N
vc_miss_clip_catch,pilot_seed42,50,scene_resnet_place,C,visible_conflict,high,falsified,An episode of Interpol Calling named The Man s a Clown,The Olympic and Paralympic track star has been reporting for psychiatric tests for the past month,N/N/N,C/C/C,N/N/N
vc_miss,pilot_seed42,82,person_sbert_text_text,C,visible_conflict,medium,falsified,George Osborne at the Conservative party conference in Manchester,Conservative Chancellor George Osborne sat alongside Mr Clegg as he analysed the causes of UK economic recovery,N/N/N,N/N/N,C/C/C
vc_miss,formal_seed43,246,person_sbert_text_text,C,visible_conflict,medium,falsified,British Home Secretary Theresa May speaks in the House of Commons on Wednesday in support of proposals seeking new Web surveillance powers,Home Secretary Theresa May was giving a speech in Washington,N/N/N,N/N/N,N/N/N
vc_miss,pilot_seed42,40,semantics_clip_text_text,C,visible_conflict,high,falsified,Democratic presidential candidate Sen Bernie Sanders IVt speaks during a campaign rally at Chicago State University in Chicago,Donald Trump speaks during rally on June 18 2016 at the Veterans Memorial Coliseum in Phoenix,N/N/N,N/N/N,N/N/N
vc_miss_clip_catch,pilot_seed42,85,person_sbert_text_text,C,visible_conflict,high,falsified,John Kerry meets Vladimir Putin in Sochi The US secretary of state later said he had frank discussions with the Russian president,Secretary of State John F Kerry,N/N/N,C/C/C,N/N/N
vc_miss_clip_catch,formal_seed43,281,scene_resnet_place,C,visible_conflict,medium,falsified,Marines with Charlie Battery 10th Marine Regiment 2nd Marine Division fire a 155mm Howitzer as part of a simulated fire mission at Fort Bragg NC,Israeli infantry troops walk into southern Israel after fighting inside the Gaza Strip,N/N/N,C/C/C,C/C/C
vc_miss,formal_seed43,204,semantics_clip_text_text,C,visible_conflict,high,falsified,Animal rights activists gather outside Winchester crown court on Thursday before the sentencing of Debbie Vincent below,Russell Brand with residents of the New Era estate in east London who fear eviction after their homes were bought by a US investment company,N/N/N,N/N/N,N/N/N
vc_miss,pilot_seed42,12,semantics_clip_text_text,C,visible_conflict,high,falsified,Pope Francis is greeted by the head of Armenia s Orthodox Church Karekin II during an ArmenianRite mass at the Vatican on 12 April,Russian President Vladimir Putin lit a candle at a ceremony in Moscow alongside Russia s Chief Rabbi Berel Lazar,N/N/N,N/N/N,N/N/N
vc_miss_clip_catch,formal_seed43,278,scene_resnet_place,C,visible_conflict,high,falsified,A bell at St Peter s Basilica rings as white smoke rises from the chimney on the roof of the Sistine Chapel at the Vatican,Torgau Germany A woman looks through the center axis of a staircase that was renovated in Hartenfels palace,N/N/N,C/C/C,N/N/N
vc_miss,formal_seed43,266,semantics_clip_text_text,C,visible_conflict,high,falsified,Zak Hardaker has enjoyed a superb season for Leeds,Josh Charnley said on Twitter that he still has a job to do for Wigan Warriors,N/N/N,N/N/N,N/N/N
vc_miss,formal_seed43,320,person_sbert_text_text,C,visible_conflict,medium,falsified,President Obama returns to the White House on July 17 2014,President Obama takes in the scene early Wednesday after speaking to supporters in Chicago following his reelection victory,N/N/N,N/N/N,N/N/N
vc_miss,pilot_seed42,60,scene_resnet_place,C,visible_conflict,medium,falsified,Volume vote Amazon s US Election Heat Map,West Coast Internet provider Wave Broadband s service interruption is shown on the map from Downdetectorcom,N/N/N,N/N/N,C/C/C
vc_miss,pilot_seed42,35,person_sbert_text_text,C,visible_conflict,medium,falsified,President Clinton greets ethnic Albanian Kosovars in the town of Urosevac in the Yugoslavia province of Kosovo on Nov 23 1999,Former president Bill Clinton speaks at the Ohio Democratic Party s annual state dinner in Columbus,N/N/N,N/N/C,N/N/N
vc_miss,formal_seed43,280,semantics_clip_text_text,C,visible_conflict,high,falsified,Delon Armitage and Jonny Wilkinson of Toulon with the Heineken Cup the cause of a dispute,England and their captain Chris Robshaw with the Hillary Shield after the 3821 victory against New Zealand,N/N/N,N/N/N,N/N/N
vc_miss,formal_seed43,345,semantics_clip_text_text,C,visible_conflict,high,falsified,Portland Timbers fans would like very much to celebrate a win over Los Angeles Galaxy,Orlando City will enter their first season in MLS later this year,N/N/N,N/N/N,N/N/N
vc_miss,pilot_seed42,90,semantics_clip_text_image,C,visible_conflict,high,falsified,A jeepney in Manila US military 4x4s left over from world war II have been converted often flamboyantly into the most popular form of transport in the city,Curator Ian Ballis and his team of volunteers began inviting artists to the Powerhouse in December 2014 and more than 350 have now completed work,N/N/N,N/N/N,N/N/N
vc_miss,formal_seed43,292,scene_resnet_place,C,visible_conflict,high,falsified,New prospects the Hall of Mirrors at the Palace of Versailles restored in 2005,Lancing College Chapel overlooks the scene of the Shoreham crash,N/N/N,N/N/N,N/N/N
vc_miss_clip_catch,pilot_seed42,24,scene_resnet_place,C,visible_conflict,high,falsified,What if the field looks like this as it did in Philadelphia during the EaglesLions game on Dec 8 during the Super Bowl at MetLife Stadium in East Rutherford NJ,Canary Wharf and the old City of London emerge from the fog,N/N/N,C/C/C,N/N/N
vc_miss,formal_seed43,236,scene_resnet_place,C,visible_conflict,high,falsified,The interior of the redesigned 2015 Ford Mustang,The cop s office in the new 2015 Chevrolet Tahoe PPV,N/N/N,N/N/C,C/C/C
vc_miss_clip_catch,formal_seed43,317,scene_resnet_place,C,visible_conflict,medium,falsified,Site of proposed flatsoffices development Leeds Parish Church is to the left of the tree the existing Cantrell House to the right,The University of Chicago will have a role in running the Obama Library and museum,N/N/N,C/C/C,N/N/N
vc_miss,formal_seed43,224,semantics_clip_text_text,C,visible_conflict,medium,falsified,A satellite image showing three cyclones near Australia with Pam to the northeast,This image provided by NOAA taken Thursday Aug 7 2014 at 2 am ET shows Hurricane Iselle left and Hurricane Julio,N/N/N,E/E/N,C/C/C
vc_miss,formal_seed43,338,semantics_clip_text_text,C,visible_conflict,high,falsified,Steelers linebacker LJ Fort clobbers Redskins quarterback Kirk Cousins on a secondhalf pass attempt,Patriots 27 Chiefs 20 Kansas City quarterback Alex Smith slides down after fourthquarter run,N/N/N,N/N/N,C/C/C
vc_miss,formal_seed43,291,semantics_clip_text_image,C,visible_conflict,medium,falsified,An early live shot from Jim Reid s collection with Douglas Hart centre,1991 photo of the musical group Siouxsie and the Banshees Budgie left Jon Klein Steven Severin Martin McCarrick and Siouxsie Sioux Photo by Geffen,N/N/N,E/E/E,N/N/N
vc_miss,pilot_seed42,53,scene_resnet_place,C,visible_conflict,low,falsified,The casual Lido Marketplace buffet offers stations for comfort food deli sandwiches Indian cuisine and more It s open for breakfast lunch and dinner,Volunteers of all ages help prepare a free meal for all of the Iraqi refugees at Imam Ali Center of Detroit on Monday July 21 2014 in Detroit Mich,N/N/N,N/N/N,N/N/N
vc_miss,pilot_seed42,100,semantics_clip_text_text,C,visible_conflict,high,falsified,Biden walks in the annual Allegheny County Labor Day Parade on Sept 7 2015 in Pittsburgh,Sen Bernie Sanders greets supporters in a Labor Day parade on Sept 7 in Milford NH,N/N/N,N/N/N,N/N/N
vc_hit,pilot_seed42,20,scene_resnet_place,C,visible_conflict,low,falsified,Community members separated into small groups during the Kalamazoo Community Prayer Service Sunday at Centerpoint Church,Standing room only Physicists crammed into a small room at ICHEP to hear the latest results from Higgs searches at the Tevatron collider,C/C/C,N/N/N,N/N/N
vc_hit,formal_seed43,296,person_sbert_text_text,C,visible_conflict,high,falsified,Michael Owen trains with the rest of the Manchester United squad at Bukit Jalil Stadium in Kuala Lumpur,Michael Owen and his girlfriend Jemma Richards both 22 stopped to help the woman,C/C/C,C/C/C,N/N/N
vc_hit,pilot_seed42,79,semantics_clip_text_image,C,visible_conflict,medium,falsified,Fatal meeting the Ambassador hotel on Wilshire Boulevard on 5 June 1998 30 years to the day after Bobby Kennedy was shot,Former prime minister Tony Blair and wife Cherie lived in Islington until relocating to Downing Street in 1997,C/C/C,N/N/C,N/C/N
vc_hit,pilot_seed42,19,scene_resnet_place,C,visible_conflict,high,falsified,Shoppers wait to get inside a Best Buy store in Naples Florida,Police guard the front door of Excel Industries in Hesston Kan,C/C/C,N/N/N,C/C/C
vc_hit,pilot_seed42,61,semantics_clip_text_text,C,visible_conflict,high,falsified,Dover take on Crystal Palace who will have new manager Alan Pardew in the dugout at the Crabble Stadium,Jason Bradbury of The Gadget Show and Knitted Jason Bradbury of perhaps The K Factor,C/C/C,N/N/N,C/C/C
vc_hit,formal_seed43,263,semantics_clip_text_image,C,visible_conflict,high,falsified,Aug 12 Umpire Ron Kulpa ejects Texas Rangers catcher AJ Pierzynski during the sixth inning against the Houston Astros at Minute Maid Park,Toronto Blue Jays manager Jim Fregosi and right fielder Raul Mondesi argue a call with home plate umpire Al Clark in Toronto on April 18 2000,C/C/C,N/N/N,C/C/C
vc_hit,formal_seed43,298,semantics_clip_text_text,C,visible_conflict,high,falsified,May 5 Montreal Canadiens right wing Brandon Prust was fined 5000 for publicly criticizing referee Brad Watson after a Game 2 loss Hockey operations handed down the fine,Ryan Kesler forward Vancouver Canucks,C/C/C,N/N/N,C/C/C
vc_hit,pilot_seed42,32,scene_resnet_place,C,visible_conflict,medium,falsified,Following protests Essar lost its coal mining bid in central India,RSA Insurance says it is extremely disappointed about the problems in its Irish division,C/C/C,C/C/C,C/C/C
vc_hit,pilot_seed42,10,scene_resnet_place,C,visible_conflict,high,falsified,No 8 Louisville 44 Eastern Kentucky 7,1 Vikings at Eagles Sam Bradford guides the NFL s lone undefeated team into a big matchup against his former team in Philadelphia,C/C/C,C/C/C,C/C/C
ep_boundary,pilot_seed42,94,person_sbert_text_text,N,event_provenance,medium,falsified,US senators Amy Klobuchar and Claire McCaskill talk after a news conference at a hotel in Havana,Sen Claire McCaskill thanks a campaign worker at an event in Kansas City Monday night,N/N/N,N/N/N,N/N/N
ep_boundary,pilot_seed42,56,person_sbert_text_text,N,event_provenance,medium,falsified,Hillary Rodham Clinton speaks at a town hall meeting in Las Vegas on Tuesday,Democratic presidential nominee Hillary Clinton speaks to and meets Florida voters at Osceola Heritage Park in Kissimmee Fla on Monday,N/N/N,N/N/N,N/N/N
ep_boundary,pilot_seed42,65,person_sbert_text_text,N,event_provenance,medium,falsified,Serena Williams competing against Daria Gavrilova of Australia at the Rio Olympics,Serena Williams serves to Carla Suarez Navarro,N/N/N,N/N/N,N/N/N
ep_boundary,formal_seed43,307,person_sbert_text_text,N,event_provenance,medium,falsified,Maria Sharapova plays a shot during her women s singles semifinal match against Russia s Ekaterina Makarova,Maria Sharapova tries to get herself going in the first set against Simona Halep,N/N/N,N/N/N,N/N/N
ep_boundary,formal_seed43,297,semantics_clip_text_text,N,event_provenance,medium,falsified,Haley Barbour South Carolina should decide how they want to decorate their state capitol,Confederate flags hang near a Robert E Lee memorial in Lee Chapel,N/N/N,N/N/N,N/N/N
ep_boundary,formal_seed43,287,person_sbert_text_text,N,event_provenance,medium,falsified,Closet Wimbledon fan Mel Gibson jumped at the chance to give the FA Cup teamtalk chuckles Jonathan Perera,Mel Gibson in Texas on 18 April 2012,N/N/N,N/N/N,N/N/N
ep_boundary,pilot_seed42,15,semantics_clip_text_image,N,event_provenance,medium,falsified,Residents and volunteers walk over downed power lines along storm damaged Pennsylvania Street after a tornado hit Van Texas,LaTisha Garcia carries her 8yearold daughter Jazmin Rodriguez near Plaza Towers Elementary School after a massive tornado carved its way through Moore Okla May 20,N/N/N,N/N/N,N/N/N
ep_boundary,pilot_seed42,68,person_sbert_text_text,N,event_provenance,medium,falsified,President Obama pauses as he makes a statement on the fatal police shootings of two black men in Louisiana and Minnesota after arriving in Warsaw Friday,President Barack Obama speaks at a Democratic National Committee campaign fundraising event at Austin City Limits Moody Theater in Austin Texas Tuesday May 10 2011,N/N/N,N/N/N,N/N/N
ep_boundary,formal_seed43,226,person_sbert_text_text,N,event_provenance,medium,falsified,Ted Cruz speaks to supporters during a campaign stop in Des Moines on Jan 31 2016,Ted Cruz drops out of race We left it all on the field in Indiana,N/N/N,N/N/N,N/N/N
ep_boundary,formal_seed43,336,person_sbert_text_text,N,event_provenance,medium,falsified,Republican presidential candidate Donald Trump speaks during a campaign rally,Donald Trump arrives to speak at a rally in Bangor Maine on Oct 15 2016,N/N/N,N/N/N,N/N/N
ep_boundary,pilot_seed42,43,person_sbert_text_text,N,event_provenance,medium,falsified,President Obama announces that he will begin normalizing relations with Cuba during an address to the nation in the Cabinet Room of the White House on Dec 17 2014,President Obama speaking Thursday about the church shooting in Charleston SC,N/N/N,N/N/N,N/N/N
ep_boundary,formal_seed43,223,semantics_clip_text_image,N,event_provenance,medium,falsified,Best friends Victoria Froeyd 18 and Sofie Nilsen 17 hid together in the school building until the police rescued them,Clarksburg High School juniors Courtney Witmer 16 left and Baleigh Louro 17 visit the crash site of where three of their classmates were killed when their vehicle struck a tree,N/N/N,N/N/N,N/N/N
ep_boundary,pilot_seed42,86,scene_resnet_place,N,event_provenance,medium,falsified,Health workers put on protective gear before entering a quarantine zone at a Red Cross facility in Koidu eastern Sierra Leone,Doctors Without Borders health workers prepare to treat Ebola patients at an isolation camp in Monrovia Liberia,N/N/N,N/N/N,N/N/N
ep_boundary,pilot_seed42,80,person_sbert_text_text,N,event_provenance,medium,falsified,Amy Winehouse performing at Glastonbury in 2008,Amy Winehouse in the documentary Amy,N/N/N,N/N/N,N/N/N
ep_boundary,formal_seed43,272,person_sbert_text_text,N,event_provenance,medium,falsified,Donald Trump walks into Quicken Loans Arena site of the Republican National Convention on July 20 2016,Donald Trump arrives at a polling station in New York to cast his ballot,N/N/N,N/N/N,N/N/N
ep_boundary,pilot_seed42,5,person_sbert_text_text,N,event_provenance,medium,falsified,Former secretary of state Hillary Clinton speaks to the media March 10 about recent allegations of an improperly used email account during her tenure at the State Department,Hillary Clinton delivers the keynote address at the 18th annual David N Dinkins Leadership and Public Policy Forum at Columbia University in New York on Wednesday,N/N/N,N/N/N,N/N/N
ep_boundary,formal_seed43,234,scene_resnet_place,N,event_provenance,medium,falsified,People walk past a display of a currency exchange office in StPetersburg Russia on Jan 27,A proRussian activist rides a bicycle decorated with a Russian flag and the Russian Navy s flag in the center of Sevastopol,N/N/N,N/N/N,N/N/N
ep_boundary,pilot_seed42,98,person_sbert_text_text,N,event_provenance,medium,falsified,Rafael Nadal of Spain in action against Facundo Bagnis of Argentina during their secondround match,Rafael Nadal returns against Thomaz Bellucci,N/N/N,N/N/N,N/N/N
ep_boundary,formal_seed43,253,scene_resnet_place,N,event_provenance,medium,falsified,Yashika Bageerathi faces being deported to Mauritius without her family,The author and her parents in Chattanooga Tennessee,N/N/N,N/N/N,N/N/N
ep_boundary,pilot_seed42,21,person_sbert_text_text,N,event_provenance,medium,falsified,From behind a teleprompter US President Barack Obama pauses while speaking at the Global Health Security Agenda Summit at the White House in Washington September 26 2014 REUTERSKevin Lamarque,An emotional President Obama discusses the shooting at a Connecticut elementary school on Friday,N/N/N,N/N/N,N/N/N
ep_boundary,pilot_seed42,52,person_sbert_text_text,N,event_provenance,medium,falsified,Sen Bernie Sanders and his wife Jane acknowledge the crowd as he arrives for his caucus night rally in Des Moines on Feb 1 2016,People cheer as Democratic presidential candidate Bernie Sanders speaks after winning the Vermont primary on March 1,N/N/N,N/N/N,N/N/N
ep_boundary,pilot_seed42,48,semantics_clip_text_text,N,event_provenance,medium,falsified,Candidate Elissa Silverman greets WUSA 9 reporter Bruce Johnson while campaigning outside the Shepherd Park polling station,Cuccinelli greets Sharon Bulova left of the Fairfax County Board of Supervisors outside Eagle View Elementary School in Fairfax,N/N/N,N/N/N,N/N/N
ep_boundary,formal_seed43,316,person_sbert_text_text,N,event_provenance,medium,falsified,Julian Assange at the Ecuadorian embassy The WikiLeaks founder is calling for the threat of arrest to be lifted,Julian Assange holds up a copy of the Guardian during a press conference at the Frontline Club in London in 2010,N/N/N,N/N/N,N/N/N
ep_boundary,formal_seed43,310,scene_resnet_place,N,event_provenance,medium,falsified,The incident took place in eastern Afghanistan where the majority of foreign forces are from the US,Streets in Mazare Sharif the sprawling capital of Balkh province,N/N/N,N/N/N,N/N/N
ep_boundary,pilot_seed42,77,scene_resnet_place,N,event_provenance,medium,falsified,A man enjoys the weather along the Black Sea near Olympic Park,A man dressed in white stands on the shores of Havana Bay as he performs a Santeria ritual in Regla Cuba on Dec 27 2014,N/N/N,N/N/N,N/N/N
ep_boundary,pilot_seed42,2,scene_resnet_place,N,event_provenance,medium,falsified,People wait during a food distribution in the West Point slum of Monrovia Liberia,Burundian refugees in Kagunga village in western Tanzania,N/N/N,N/N/N,N/N/N
ep_boundary,formal_seed43,202,person_sbert_text_text,N,event_provenance,medium,falsified,Daniel DayLewis wins the Oscar for best actor for his role in Lincoln,Daniel DayLewis Kevin Spacey and Julie Walters were among the attendees,N/N/N,N/N/N,N/N/N
ep_boundary,pilot_seed42,93,scene_resnet_place,N,event_provenance,medium,falsified,Edinburgh council are facing legal action from the European commission over the selloff of its Caltongate site near the Royal Mile,Lancaster Castle prison is one of three earmarked for closure according to the Times,N/N/N,N/N/N,N/N/N
ep_boundary,pilot_seed42,49,person_sbert_text_text,N,event_provenance,medium,falsified,Oscar Pistorius leaves the high court in Pretoria South Africa Tuesday,Oscar Pistorius is awaiting trial for premeditated murder after shooting his girlfriend Reeva Steenkamp dead in February,N/N/N,N/N/N,N/N/N
ep_boundary,formal_seed43,321,person_sbert_text_text,N,event_provenance,medium,falsified,Andy Murray in action during his match against Milos Raonic,Andy Murray leaves the clubhouse to start his raindelayed Aegon Championship men s singles final against Marin Cilic at Queen s,N/N/N,N/N/N,N/N/N
ep_boundary,pilot_seed42,45,person_sbert_text_text,N,event_provenance,medium,falsified,Rafael Nadal reacts during his match against Denis Istomin on Monday,Rafael Nadal serves against Fabio Fognini during the men s single semifinal of the 2015 China Open,N/N/N,N/N/N,N/N/N
ek_boundary,formal_seed43,230,scene_resnet_place,N,external_knowledge,medium,falsified,Samsung shows off its Gear S smartwatch at the Consumer Electronics Show in January,The new Apple Watch is viewed at an Apple store in New York,N/N/N,N/N/N,N/N/N
ek_boundary,formal_seed43,294,semantics_clip_text_image,N,external_knowledge,medium,falsified,President Obama returns to the White House after traveling to the Florida Everglades on April 22 2015,US Secretary of State John Kerry prepares to board his aircraft at Andrews Air Force Base on Nov 2 2013 ahead of his trip to Cairo,N/N/N,N/N/N,N/N/N
ek_boundary,formal_seed43,327,semantics_clip_text_text,N,external_knowledge,medium,falsified,Techo Hun Sen prime minister of Cambodia attends a panel session,The UN secretary general Ban Kimoon attends the opening of the summit,N/N/N,N/N/N,N/N/N
ek_boundary,formal_seed43,342,semantics_clip_text_text,N,external_knowledge,medium,falsified,Former New York City mayor Michael Bloomberg is to head a climate change taskforce,Tony Blair has cancelled a London signing of his memoirs A Journey,N/N/N,N/N/N,N/N/N
ek_boundary,formal_seed43,339,semantics_clip_text_image,N,external_knowledge,medium,falsified,Barbara Bush one of former president George W Bush s twin daughters attended a fundraiser for Hillary Clinton in Paris Saturday night,Ivanka Trump and Melania Trump listen to Donald Trump speak after the New York primary on April 19 2016 at Trump Tower,N/N/N,N/N/N,N/N/N
ek_boundary,pilot_seed42,70,semantics_clip_text_image,N,external_knowledge,medium,falsified,Gianfranco Fini the speaker of Italy s lower house and cofounder of the Freedom People movement,EU Energy Commissioner Miguel Arias Canete says progress has been painfully slow The technical talks are seriously lagging behind the political discussion and this must change,N/N/N,N/N/N,N/N/N
ek_boundary,formal_seed43,274,semantics_clip_text_image,N,external_knowledge,medium,falsified,Brown channeled his inner Michael Jackson in a performance for NBC s Today show in June 2008,Nigerian star Femi Kuti performs on the Pyramid stage,N/N/N,N/N/N,N/N/N
ek_boundary,formal_seed43,319,semantics_clip_text_image,N,external_knowledge,medium,falsified,Ghaith AbdulAhad is one of the three Guardian journalists nominated for the Orwell prize for journalism,Dr Bassem Youssef now a household name on Egyptian TV says the main aim of his satirical show is to get citizens more involved in politics,N/N/N,N/N/N,N/N/N
ek_boundary,formal_seed43,270,semantics_clip_text_image,N,external_knowledge,medium,falsified,At times Denis Istomin must have felt like he was facing four Novak Djokovics as the defending champion raced to a 20 lead,Mardy Fish is no John McEnroe despite the red hair and the headband,N/N/N,N/N/N,N/N/N
ek_boundary,formal_seed43,244,semantics_clip_text_image,N,external_knowledge,medium,falsified,Shay Given the Republic of Ireland goalkeeper fails to stop Fernando Torres scoring Spain s first goal,Goalkeeper Manuel Neuer of Germany in action against Ghana,N/N/N,N/N/N,N/N/N
ek_boundary,formal_seed43,322,semantics_clip_text_image,N,external_knowledge,medium,falsified,Rafa CabreraBello plays a shot on the 10th hole during the first round of the 2016 PGA Championship at Baltusrol Golf Club in Springfield NJ,Freddie Jacobson of Sweden hits out of a bunker,N/N/N,N/N/N,N/N/N
ek_boundary,pilot_seed42,22,semantics_clip_text_image,N,external_knowledge,medium,falsified,Luciano Pavarotti was one of the world s most famous tenors and he performed in the UK for the first time in Belfast in May 1963,Campbell second from right with the Ian Campbell Folk Group from left Brian Clark Lorna Campbell John Dunkerley and Dave Swarbrick,N/N/N,N/N/N,N/N/N
ek_boundary,formal_seed43,282,semantics_clip_text_text,N,external_knowledge,medium,falsified,Liverpool want their Serbia winger Lazar Markovic to return next summer after his loan period at Fenerbahce,Radamel Falcao came on as a substitute in the win against Stoke City,N/N/N,N/N/N,N/N/N
ek_boundary,formal_seed43,309,semantics_clip_text_image,N,external_knowledge,medium,falsified,John Downey who was accused of the 1982 Hyde Park bombing walked free on Tuesday,Boylan worked for the University of Dundee at Ninewells Hospital,N/N/N,N/N/N,N/N/N
ek_boundary,formal_seed43,348,semantics_clip_text_text,N,external_knowledge,medium,falsified,Donald Trump speaks during a campaign rally March 11 in St Louis,Democratic presidential candidate Bernie Sanders speaks at a town hall campaign event at Grinnell College in Grinnell Iowa on Jan 25 2016,N/N/N,N/N/N,N/N/N
ek_boundary,formal_seed43,203,semantics_clip_text_text,N,external_knowledge,medium,falsified,John Kerry met Xi Jinping and Foreign Minister Wang Yi,David Cameron and the Chinese premier Wen Jiabao,N/N/N,N/N/N,N/N/N
ek_boundary,formal_seed43,238,semantics_clip_text_text,N,external_knowledge,medium,falsified,A judge ruled that the Christian owners of Ashers bakery discriminated against Gareth Lee by refusing to make a cake with a slogan supporting samesex marriage,ITV has dropped Mel Giedroyc and Sue Perkins chatshow despite their success with the BBC s Great British Bake Off Princess ProductionsITV,N/N/N,N/N/N,N/N/N
ek_boundary,formal_seed43,333,semantics_clip_text_text,N,external_knowledge,medium,falsified,Development on Flickr has accelerated since Mayer herself a keen Instagram user took over as chief executive in July,Apple s Craig Federighi launches OS X Mavericks,N/N/N,N/N/N,N/N/N
ek_boundary,formal_seed43,314,semantics_clip_text_image,N,external_knowledge,medium,falsified,Australia s defence minister David Johnston said search teams had several days of intense action ahead of them,The prince was greeted by New South Wales Premier Mike Baird at the Opera House,N/N/N,N/N/N,N/N/N
ek_boundary,pilot_seed42,44,person_sbert_text_text,N,external_knowledge,medium,falsified,Geoffrey Howe and Margaret Thatcher at the European Union summit meeting in Copenhagen December 1987,Margaret Thatcher here with French President Francois Mitterrand in 1985 was nominated by Charles Powell as greatest foreign secretary although nominally she never held the post,N/N/N,N/N/N,N/N/N
ek_boundary,pilot_seed42,23,semantics_clip_text_image,N,external_knowledge,medium,falsified,Daniel Hayman leaves court in Sydney in June 2014 after pleading guilty to indecent assault,Dustin Hoffman as Chester Ace Bernstein in Luck the new HBO drama series,N/N/N,N/N/N,N/N/N
ek_boundary,formal_seed43,217,semantics_clip_text_image,N,external_knowledge,medium,falsified,Kenneth Kaunda former president of Zambia speaks during the funeral ceremony,Zimbabwe s President Robert Mugabe center and his wife Grace pass European Council President Herman Van Rompuy left as they reach their seats for the ceremony,N/N/N,N/N/N,N/N/N
ek_clip_catch,pilot_seed42,13,semantics_clip_text_image,N,external_knowledge,medium,falsified,Dale Lindley said Sophie loved her bike and often rode it to school,GatlinburgPittman High School where Justin Shults attended,N/N/N,C/C/C,N/N/N
ek_clip_catch,pilot_seed42,27,semantics_clip_text_text,N,external_knowledge,medium,falsified,Rachel Evan Wood stars as Kate Winslet onscreen daughter in Mildred Pierce,Eddie Redmayne as Lili Elbe in The Danish Girl,N/N/N,C/C/C,N/N/C
ek_clip_catch,pilot_seed42,97,semantics_clip_text_text,N,external_knowledge,medium,falsified,Mandela said he felt like a young boy of 15 on hearing South Africa had won its World Cup bid,Arsene Wenger says Arsenal will take their feelgood factor into the Champions League game against Borussia Dortmund,N/N/N,C/C/C,N/N/N
ek_clip_catch,pilot_seed42,6,person_sbert_text_text,N,external_knowledge,low,falsified,Sandy and Oscar are pals Here she is in 2014,A work crew clears debris and fallen trees in Larchmont NY after Sandy tore through the area,N/C/C,C/C/C,N/N/N
ek_clip_catch,formal_seed43,335,semantics_clip_text_text,N,external_knowledge,medium,falsified,It was just a flesh wound Larry Clark Photograph courtesy of the artistSimon Lee Gallery LondonLuhring Augustine New York,Cassandro is not somebody to play around with in action at the Resistance gallery in Bethnal Green east London,N/N/N,C/C/C,C/C/C
ek_clip_catch,formal_seed43,250,scene_resnet_place,N,external_knowledge,medium,falsified,Lawyers for Palestinian authority argue that group does not have money to compensate Americans affected by attacks between 2002 and 2004,People wave flags at the official Olympic Games handover party outside Buckingham Palace,N/C/N,C/C/C,N/N/N
ek_clip_catch,formal_seed43,209,semantics_clip_text_text,N,external_knowledge,medium,falsified,Ecca Vandal is Gasometer resident performer throughout the month of March,Jeff Koons topiary sculpture Puppy which sits outside the Guggenheim Museum in Bilbao Spain,N/N/N,C/C/C,C/C/C
ek_clip_catch,formal_seed43,248,scene_resnet_place,N,external_knowledge,medium,falsified,Thousands of acres of parkland in London and landmarks including Trafalgar Square and Parliament Square should become smokefree zones a report has said,As well as India Facebook wants to bring internet connectivity to hardtoreach parts of Africa,N/C/N,C/C/C,N/N/N
ek_clip_catch,formal_seed43,344,semantics_clip_text_image,N,external_knowledge,medium,falsified,Richard Desmond wants to move Northern and Shell and West Ferry printers from London s Docklands,Standing tall George Entwistle the director general of the BBC,N/N/N,C/C/C,N/N/N
ek_clip_catch,formal_seed43,313,scene_resnet_place,N,external_knowledge,medium,falsified,Credit Suisse 2014 Global Wealth report https publicationscreditsuissecomtasksrenderfile fileID60931FDEA2D2F568B041B58C5EA591A4,2001 Greyhound s company logo on the side of a Greyhound bus in Chicago Illinois,N/N/N,C/C/C,N/N/N
ek_clip_catch,formal_seed43,221,semantics_clip_text_image,N,external_knowledge,medium,falsified,North Korean prime minister Kim Yongil pictured in Seoul in 2007 apologised for causing pain among the people,Actress Stacey Dash got slammed on Twitter for supporting Republican presidential candidate Mitt Romney,N/N/N,C/C/C,N/N/N
ek_clip_catch,formal_seed43,331,semantics_clip_text_text,N,external_knowledge,medium,falsified,The pieces Water and Fire from Yinka Shonibare s newlyopened Fabrication exhibition at the Yorkshire Sculpture Park Read more here,Spot on Hirst with Mickey He joins a select group of artists including Andy Warhol who have been invited by Disney to recreate their iconic character,N/E/E,C/C/C,N/N/N
ek_clip_catch,formal_seed43,222,semantics_clip_text_text,N,external_knowledge,medium,falsified,BYU quarterback Tanner Magnum is sacked for a loss by Utah defensive tackle Viliseni Fauonuku in the Las Vegas Bowl at Sam Boyd Stadium,Indianapolis Colts defenders Tyjuan Hagler Antonio Johnson and Clint Session tackle San Diego Chargers running back Darren Sproles during their NFL wildcard playoff in San Diego,C/N/C,C/C/C,C/C/C
ek_clip_catch,formal_seed43,349,scene_resnet_place,N,external_knowledge,low,falsified,Tiger divested 60 of Tigerair Australia to Virgin Australia,A file photo shows the counters of German airline Germanwings at the airport in Cologne Germany on Oct 16 2014,C/C/C,C/C/C,C/C/C
ek_clip_catch,formal_seed43,251,scene_resnet_place,N,external_knowledge,medium,falsified,The yeraz or ErAZ 762 was the first vehicle produced by the factory The original staff were trained at the Riga Autobus Factory in Latvia and UAZ in Russia,One ad featured a Cobra vendor on an Indian train,C/C/N,C/C/C,C/C/C
other_all,pilot_seed42,63,semantics_clip_text_image,N,other,low,falsified,Juicy pear rug From 395sq m by Lorraine Statham for Loophouse,Best I wanted George on a bedroom floor but I wanted a bit of his personality in there hence the Playboy I had the cheesy bedspread already,N/N/N,N/N/C,N/N/N
temporal_provenance_all,pilot_seed42,37,semantics_clip_text_text,N,temporal_provenance,medium,falsified,Jordan Spieth has the tough task of presenting the green jacket to the new champion Danny Willett,Bubba Watson right in the Green Jacket presented to him by 2013 champion Adam Scott after winning the 2014 Masters,N/N/N,N/N/N,N/N/N
other_all,pilot_seed42,8,scene_resnet_place,N,other,medium,falsified,For the first time in more than four decades more Mexican immigrants are returning to their home country than coming to the United States according to a report released Thursday,TSA officers close off the security checkpoint to travelers at Northwest Florida Regional Airport on Jan 28 2014 The airport canceled flights due to anticipated snow and ice,N/N/N,N/N/N,N/N/N
other_all,pilot_seed42,33,semantics_clip_text_image,N,other,medium,falsified,President Rousseff Below that green and yellow jersey you represent a powerful legacy of the Brazilian people,Nicholas Lucena of the United States highfives fans as he takes the court with teammate Phil Dalhausser to play Tunisia in a men s beach volleyball match,N/N/N,N/N/N,C/C/C
temporal_provenance_all,pilot_seed42,38,scene_resnet_place,N,temporal_provenance,high,falsified,Apple experienced problems of its own following the release of iOS 8,There are translations for Nokia and Motorola but not iPad or iPhone in China,N/N/N,N/N/N,C/C/C
temporal_provenance_all,formal_seed43,243,person_sbert_text_text,N,temporal_provenance,medium,falsified,Chris Froome tells fans to move out of the way as he races up the Col de Soudet,Great Britain s Chris Froome wearing the overall leader s yellow jersey takes the start of the the 13th stage of the Tour de France,N/N/N,N/N/N,N/N/N
